REGION,RRP
NSW,118.478904160904
QLD,99.4429923063624
SA,109.553252795067
TAS,125.691506022361
VIC,96.584316505302